name_msa,CAGR,volatility,score,rank,msa,msa_rank_label
"Austin-Round Rock-San Marcos, TX Metro Area",0.0493253086,0.0235498573,2.0945056246,1,12420,"Rank 1 : Austin-Round Rock-San Marcos, TX Metro Area"
"St. George, UT Metro Area",0.0574058707,0.0349777389,1.6412115969,2,41100,"Rank 2 : St. George, UT Metro Area"
"Crestview-Fort Walton Beach-Destin, FL Metro Area",0.0465654529,0.0286654748,1.6244438028,3,18880,"Rank 3 : Crestview-Fort Walton Beach-Destin, FL Metro Area"
"Charleston-North Charleston, SC Metro Area",0.0424426749,0.0261830742,1.6209966246,4,16700,"Rank 4 : Charleston-North Charleston, SC Metro Area"
"Phoenix-Mesa-Chandler, AZ Metro Area",0.0357803976,0.0223385107,1.6017360386,5,38060,"Rank 5 : Phoenix-Mesa-Chandler, AZ Metro Area"
"Jacksonville, FL Metro Area",0.0356858817,0.0225520288,1.5823801028,6,27260,"Rank 6 : Jacksonville, FL Metro Area"
"Fort Collins-Loveland, CO Metro Area",0.0361159318,0.0228890799,1.5778673466,7,22660,"Rank 7 : Fort Collins-Loveland, CO Metro Area"
"Gainesville, GA Metro Area",0.0409731071,0.0264187989,1.5509072624,8,23580,"Rank 8 : Gainesville, GA Metro Area"
"Savannah, GA Metro Area",0.0388992925,0.0252897801,1.5381427726,9,42340,"Rank 9 : Savannah, GA Metro Area"
"Charlotte-Concord-Gastonia, NC-SC Metro Area",0.0291913049,0.0197183522,1.4804129941,10,16740,"Rank 10 : Charlotte-Concord-Gastonia, NC-SC Metro Area"
"Seattle-Tacoma-Bellevue, WA Metro Area",0.0340814339,0.0230960633,1.4756382275,11,42660,"Rank 11 : Seattle-Tacoma-Bellevue, WA Metro Area"
"Atlanta-Sandy Springs-Roswell, GA Metro Area",0.0292685846,0.0200757204,1.4579095589,12,12060,"Rank 12 : Atlanta-Sandy Springs-Roswell, GA Metro Area"
"Riverside-San Bernardino-Ontario, CA Metro Area",0.0271631084,0.0186741024,1.4545870956,13,40140,"Rank 13 : Riverside-San Bernardino-Ontario, CA Metro Area"
"Huntsville, AL Metro Area",0.0366715072,0.0257501849,1.4241259767,14,26620,"Rank 14 : Huntsville, AL Metro Area"
"Portland-Vancouver-Hillsboro, OR-WA Metro Area",0.0260587323,0.0183256682,1.4219799236,15,38900,"Rank 15 : Portland-Vancouver-Hillsboro, OR-WA Metro Area"
"Nashville-Davidson--Murfreesboro--Franklin, TN Metro Area",0.0362173426,0.0255082795,1.419826946,16,34980,"Rank 16 : Nashville-Davidson--Murfreesboro--Franklin, TN Metro Area"
"Ogden, UT Metro Area",0.0366507833,0.0259298383,1.4134597706,17,36260,"Rank 17 : Ogden, UT Metro Area"
"San Jose-Sunnyvale-Santa Clara, CA Metro Area",0.0388968504,0.0277807169,1.4001384698,18,41940,"Rank 18 : San Jose-Sunnyvale-Santa Clara, CA Metro Area"
"Lakeland-Winter Haven, FL Metro Area",0.0294132249,0.0215496584,1.3649044656,19,29460,"Rank 19 : Lakeland-Winter Haven, FL Metro Area"
"Indianapolis-Carmel-Greenwood, IN Metro Area",0.0311438254,0.0228696566,1.3617968109,20,26900,"Rank 20 : Indianapolis-Carmel-Greenwood, IN Metro Area"
"Hilton Head Island-Bluffton-Port Royal, SC Metro Area",0.0352532955,0.0258890202,1.3617083681,21,25940,"Rank 21 : Hilton Head Island-Bluffton-Port Royal, SC Metro Area"
"Daphne-Fairhope-Foley, AL Metro Area",0.0337734876,0.0248526532,1.3589489754,22,19300,"Rank 22 : Daphne-Fairhope-Foley, AL Metro Area"
"Dallas-Fort Worth-Arlington, TX Metro Area",0.0354949889,0.026609778,1.3339077435,23,19100,"Rank 23 : Dallas-Fort Worth-Arlington, TX Metro Area"
"Pinehurst-Southern Pines, NC Metro Area",0.0340529412,0.0256120977,1.3295647061,24,38240,"Rank 24 : Pinehurst-Southern Pines, NC Metro Area"
"Pensacola-Ferry Pass-Brent, FL Metro Area",0.0281211457,0.0211579636,1.3291045515,25,37860,"Rank 25 : Pensacola-Ferry Pass-Brent, FL Metro Area"
"Ann Arbor, MI Metro Area",0.0243711382,0.0184444197,1.3213285426,26,11460,"Rank 26 : Ann Arbor, MI Metro Area"
"San Diego-Chula Vista-Carlsbad, CA Metro Area",0.0255047107,0.0194380464,1.3121025784,27,41740,"Rank 27 : San Diego-Chula Vista-Carlsbad, CA Metro Area"
"Deltona-Daytona Beach-Ormond Beach, FL Metro Area",0.0383850232,0.0298725961,1.2849577277,28,19660,"Rank 28 : Deltona-Daytona Beach-Ormond Beach, FL Metro Area"
"Wildwood-The Villages, FL Metro Area",0.0773332283,0.0603930503,1.2804987963,29,48680,"Rank 29 : Wildwood-The Villages, FL Metro Area"
"Orlando-Kissimmee-Sanford, FL Metro Area",0.0370975821,0.0290065431,1.278938409,30,36740,"Rank 30 : Orlando-Kissimmee-Sanford, FL Metro Area"
"Tampa-St. Petersburg-Clearwater, FL Metro Area",0.0309870502,0.0243319026,1.2735152974,31,45300,"Rank 31 : Tampa-St. Petersburg-Clearwater, FL Metro Area"
"Wilmington, NC Metro Area",0.0325116555,0.0259216996,1.254225455,32,48900,"Rank 32 : Wilmington, NC Metro Area"
"Boulder, CO Metro Area",0.0332025255,0.0269220174,1.2332851928,33,14500,"Rank 33 : Boulder, CO Metro Area"
"Columbus, OH Metro Area",0.0217264121,0.0177053324,1.2271112235,34,18140,"Rank 34 : Columbus, OH Metro Area"
"Punta Gorda, FL Metro Area",0.0319198249,0.0269134468,1.1860177262,35,39460,"Rank 35 : Punta Gorda, FL Metro Area"
"Houston-Pasadena-The Woodlands, TX Metro Area",0.0309620955,0.0265077616,1.1680388556,36,26420,"Rank 36 : Houston-Pasadena-The Woodlands, TX Metro Area"
"Kalamazoo-Portage, MI Metro Area",0.0247015878,0.0216497831,1.1409623671,37,28020,"Rank 37 : Kalamazoo-Portage, MI Metro Area"
"Boston-Cambridge-Newton, MA-NH Metro Area",0.0237169255,0.0211698332,1.120317071,38,14460,"Rank 38 : Boston-Cambridge-Newton, MA-NH Metro Area"
"San Francisco-Oakland-Fremont, CA Metro Area",0.0406763919,0.0365172758,1.113894478,39,41860,"Rank 39 : San Francisco-Oakland-Fremont, CA Metro Area"
"Sacramento-Roseville-Folsom, CA Metro Area",0.02524834,0.0227374258,1.1104308888,40,40900,"Rank 40 : Sacramento-Roseville-Folsom, CA Metro Area"
"Denver-Aurora-Centennial, CO Metro Area",0.0293173342,0.0272175041,1.0771499884,41,19740,"Rank 41 : Denver-Aurora-Centennial, CO Metro Area"
"Santa Maria-Santa Barbara, CA Metro Area",0.0219144024,0.0203572869,1.0764893421,42,42200,"Rank 42 : Santa Maria-Santa Barbara, CA Metro Area"
"Miami-Fort Lauderdale-West Palm Beach, FL Metro Area",0.0326402359,0.030398974,1.0737282068,43,33100,"Rank 43 : Miami-Fort Lauderdale-West Palm Beach, FL Metro Area"
"Myrtle Beach-Conway-North Myrtle Beach, SC Metro Area",0.0320777322,0.029938626,1.0714497134,44,34820,"Rank 44 : Myrtle Beach-Conway-North Myrtle Beach, SC Metro Area"
"Louisville/Jefferson County, KY-IN Metro Area",0.0243477773,0.0228758843,1.0643425594,45,31140,"Rank 45 : Louisville/Jefferson County, KY-IN Metro Area"
"Cape Coral-Fort Myers, FL Metro Area",0.0343494347,0.0323531844,1.0617018168,46,15980,"Rank 46 : Cape Coral-Fort Myers, FL Metro Area"
"Dayton-Kettering-Beavercreek, OH Metro Area",0.0192586133,0.0181453921,1.0613500779,47,19430,"Rank 47 : Dayton-Kettering-Beavercreek, OH Metro Area"
"Kansas City, MO-KS Metro Area",0.0132179318,0.0124616268,1.0606907158,48,28140,"Rank 48 : Kansas City, MO-KS Metro Area"
"Naples-Marco Island, FL Metro Area",0.0381439662,0.0360449219,1.0582341216,49,34940,"Rank 49 : Naples-Marco Island, FL Metro Area"
"Janesville-Beloit, WI Metro Area",0.0224652988,0.0212806191,1.0556694154,50,27500,"Rank 50 : Janesville-Beloit, WI Metro Area"
"Eugene-Springfield, OR Metro Area",0.0214468625,0.020359964,1.0533841034,51,21660,"Rank 51 : Eugene-Springfield, OR Metro Area"
"Los Angeles-Long Beach-Anaheim, CA Metro Area",0.0229863616,0.0218325373,1.052848841,52,31080,"Rank 52 : Los Angeles-Long Beach-Anaheim, CA Metro Area"
"Kenosha, WI Metro Area",0.0200184145,0.0191039344,1.0478686818,53,28450,"Rank 53 : Kenosha, WI Metro Area"
"Killeen-Temple, TX Metro Area",0.0169422986,0.0161831526,1.0469096512,54,28660,"Rank 54 : Killeen-Temple, TX Metro Area"
"San Luis Obispo-Paso Robles, CA Metro Area",0.0218010158,0.021226677,1.0270574032,55,42020,"Rank 55 : San Luis Obispo-Paso Robles, CA Metro Area"
"Spokane-Spokane Valley, WA Metro Area",0.0221400992,0.0216402023,1.0231003803,56,44060,"Rank 56 : Spokane-Spokane Valley, WA Metro Area"
"Boise City, ID Metro Area",0.0319848456,0.031370447,1.0195852657,57,14260,"Rank 57 : Boise City, ID Metro Area"
"Des Moines-West Des Moines, IA Metro Area",0.0257336603,0.0254021627,1.0130499754,58,19780,"Rank 58 : Des Moines-West Des Moines, IA Metro Area"
"North Port-Bradenton-Sarasota, FL Metro Area",0.0333014444,0.0329373844,1.0110530929,59,35840,"Rank 59 : North Port-Bradenton-Sarasota, FL Metro Area"
"Rapid City, SD Metro Area",0.0307687114,0.0306383076,1.0042562329,60,39660,"Rank 60 : Rapid City, SD Metro Area"
"San Antonio-New Braunfels, TX Metro Area",0.0549569818,0.0548385251,1.0021601001,61,41700,"Rank 61 : San Antonio-New Braunfels, TX Metro Area"
"Minneapolis-St. Paul-Bloomington, MN-WI Metro Area",0.0201984531,0.0201669387,1.001562676,62,33460,"Rank 62 : Minneapolis-St. Paul-Bloomington, MN-WI Metro Area"
"Richmond, VA Metro Area",0.0177082282,0.0177832657,0.995780444,63,40060,"Rank 63 : Richmond, VA Metro Area"
"Sherman-Denison, TX Metro Area",0.0278192417,0.0289729739,0.9601790205,64,43300,"Rank 64 : Sherman-Denison, TX Metro Area"
"Port St. Lucie, FL Metro Area",0.0227318857,0.0236755046,0.9601436596,65,38940,"Rank 65 : Port St. Lucie, FL Metro Area"
"Tucson, AZ Metro Area",0.0208294032,0.0220434864,0.9449232668,66,46060,"Rank 66 : Tucson, AZ Metro Area"
"Raleigh-Cary, NC Metro Area",0.0359697249,0.0380795119,0.9445952205,67,39580,"Rank 67 : Raleigh-Cary, NC Metro Area"
"Trenton-Princeton, NJ Metro Area",0.0324395653,0.0347091222,0.934612092,68,45940,"Rank 68 : Trenton-Princeton, NJ Metro Area"
"Slidell-Mandeville-Covington, LA Metro Area",0.0317234994,0.0339505813,0.9344022459,69,43640,"Rank 69 : Slidell-Mandeville-Covington, LA Metro Area"
"Hot Springs, AR Metro Area",0.0165904225,0.0180173291,0.9208036598,70,26300,"Rank 70 : Hot Springs, AR Metro Area"
"Gainesville, FL Metro Area",0.0299173618,0.0325066543,0.9203457699,71,23540,"Rank 71 : Gainesville, FL Metro Area"
"Morristown, TN Metro Area",0.0254959379,0.0277183692,0.9198209956,72,34100,"Rank 72 : Morristown, TN Metro Area"
"Fort Wayne, IN Metro Area",0.0339757295,0.0371634563,0.914224157,73,23060,"Rank 73 : Fort Wayne, IN Metro Area"
"Olympia-Lacey-Tumwater, WA Metro Area",0.0265224814,0.0290171754,0.9140269874,74,36500,"Rank 74 : Olympia-Lacey-Tumwater, WA Metro Area"
"Provo-Orem-Lehi, UT Metro Area",0.0511470459,0.0566859052,0.9022885961,75,39340,"Rank 75 : Provo-Orem-Lehi, UT Metro Area"
"Chattanooga, TN-GA Metro Area",0.0223060189,0.024788396,0.8998572936,76,16860,"Rank 76 : Chattanooga, TN-GA Metro Area"
"Colorado Springs, CO Metro Area",0.0223156047,0.0248514259,0.8979607384,77,17820,"Rank 77 : Colorado Springs, CO Metro Area"
"Midland, TX Metro Area",0.1568004667,0.176064304,0.8905863546,78,33260,"Rank 78 : Midland, TX Metro Area"
"Manchester-Nashua, NH Metro Area",0.0210107945,0.0238729886,0.8801074236,79,31700,"Rank 79 : Manchester-Nashua, NH Metro Area"
"Worcester, MA Metro Area",0.0168271243,0.0191365305,0.8793194905,80,49340,"Rank 80 : Worcester, MA Metro Area"
"Fayetteville-Springdale-Rogers, AR Metro Area",0.0416689299,0.0474542813,0.8780857855,81,22220,"Rank 81 : Fayetteville-Springdale-Rogers, AR Metro Area"
"Salem, OR Metro Area",0.0249656125,0.0285406517,0.8747386985,82,41420,"Rank 82 : Salem, OR Metro Area"
"El Paso, TX Metro Area",0.0361138286,0.041430107,0.8716807951,83,21340,"Rank 83 : El Paso, TX Metro Area"
"Bremerton-Silverdale-Port Orchard, WA Metro Area",0.0168503096,0.0193418122,0.8711856692,84,14740,"Rank 84 : Bremerton-Silverdale-Port Orchard, WA Metro Area"
"Little Rock-North Little Rock-Conway, AR Metro Area",0.0182650228,0.0210218228,0.8688600886,85,30780,"Rank 85 : Little Rock-North Little Rock-Conway, AR Metro Area"
"Madison, WI Metro Area",0.021169956,0.0244351075,0.8663745811,86,31540,"Rank 86 : Madison, WI Metro Area"
"McAllen-Edinburg-Mission, TX Metro Area",0.0181029811,0.0209334087,0.8647889793,87,32580,"Rank 87 : McAllen-Edinburg-Mission, TX Metro Area"
"Mobile, AL Metro Area",0.0165735433,0.0192003392,0.8631901344,88,33660,"Rank 88 : Mobile, AL Metro Area"
"Knoxville, TN Metro Area",0.0214638709,0.024896337,0.8621296737,89,28940,"Rank 89 : Knoxville, TN Metro Area"
"Baltimore-Columbia-Towson, MD Metro Area",0.0191840243,0.0222779115,0.8611231041,90,12580,"Rank 90 : Baltimore-Columbia-Towson, MD Metro Area"
"Appleton, WI Metro Area",0.0239635995,0.0278840746,0.8594009232,91,11540,"Rank 91 : Appleton, WI Metro Area"
"Portland-South Portland, ME Metro Area",0.0256414918,0.0301274153,0.8511016151,92,38860,"Rank 92 : Portland-South Portland, ME Metro Area"
"Jackson, MI Metro Area",0.0227304609,0.0267095855,0.8510225988,93,27100,"Rank 93 : Jackson, MI Metro Area"
"Harrisburg-Carlisle, PA Metro Area",0.0145285896,0.0171291909,0.84817722,94,25420,"Rank 94 : Harrisburg-Carlisle, PA Metro Area"
"Waco, TX Metro Area",0.0271328264,0.0322889462,0.8403131603,95,47380,"Rank 95 : Waco, TX Metro Area"
"Laredo, TX Metro Area",0.0465725593,0.0558447646,0.8339646456,96,29700,"Rank 96 : Laredo, TX Metro Area"
"Burlington, NC Metro Area",0.0191443906,0.0231797585,0.8259098398,97,15500,"Rank 97 : Burlington, NC Metro Area"
"Kankakee, IL Metro Area",0.0341318539,0.0417633479,0.8172681472,98,28100,"Rank 98 : Kankakee, IL Metro Area"
"Birmingham, AL Metro Area",0.0150350769,0.0185115896,0.8121980459,99,13820,"Rank 99 : Birmingham, AL Metro Area"
"Greeley, CO Metro Area",0.0670330594,0.0825584955,0.811946233,100,24540,"Rank 100 : Greeley, CO Metro Area"
"Akron, OH Metro Area",0.0135827425,0.0168414642,0.8065060311,101,10420,"Rank 101 : Akron, OH Metro Area"
"Fresno, CA Metro Area",0.0241098137,0.0299552579,0.8048608302,102,23420,"Rank 102 : Fresno, CA Metro Area"
"St. Cloud, MN Metro Area",0.0169156603,0.0210948879,0.8018843397,103,41060,"Rank 103 : St. Cloud, MN Metro Area"
"Detroit-Warren-Dearborn, MI Metro Area",0.0202071522,0.0252853119,0.7991656318,104,19820,"Rank 104 : Detroit-Warren-Dearborn, MI Metro Area"
"Santa Rosa-Petaluma, CA Metro Area",0.0214204723,0.0268043188,0.7991425719,105,42220,"Rank 105 : Santa Rosa-Petaluma, CA Metro Area"
"Kennewick-Richland, WA Metro Area",0.0238789339,0.029928287,0.797871723,106,28420,"Rank 106 : Kennewick-Richland, WA Metro Area"
"Anchorage, AK Metro Area",0.0192887259,0.0242366774,0.7958486058,107,11260,"Rank 107 : Anchorage, AK Metro Area"
"Brownsville-Harlingen, TX Metro Area",0.0201931601,0.0256052305,0.7886341836,108,15180,"Rank 108 : Brownsville-Harlingen, TX Metro Area"
"Washington-Arlington-Alexandria, DC-VA-MD-WV Metro Area",0.0171224233,0.0217579357,0.7869507273,109,47900,"Rank 109 : Washington-Arlington-Alexandria, DC-VA-MD-WV Metro Area"
"Fargo, ND-MN Metro Area",0.0240006478,0.0305269341,0.7862121919,110,22020,"Rank 110 : Fargo, ND-MN Metro Area"
"Tyler, TX Metro Area",0.018877015,0.0240227291,0.7857981024,111,46340,"Rank 111 : Tyler, TX Metro Area"
"Lansing-East Lansing, MI Metro Area",0.0253769286,0.0323084226,0.7854586049,112,29620,"Rank 112 : Lansing-East Lansing, MI Metro Area"
"Palm Bay-Melbourne-Titusville, FL Metro Area",0.0289670278,0.0371410727,0.7799189874,113,37340,"Rank 113 : Palm Bay-Melbourne-Titusville, FL Metro Area"
"Albany, OR Metro Area",0.0202093778,0.0259714037,0.7781396046,114,10540,"Rank 114 : Albany, OR Metro Area"
"Lewiston-Auburn, ME Metro Area",0.0160000794,0.0206344426,0.7754064263,115,30340,"Rank 115 : Lewiston-Auburn, ME Metro Area"
"Philadelphia-Camden-Wilmington, PA-NJ-DE-MD Metro Area",0.0132381006,0.0171672697,0.7711244028,116,37980,"Rank 116 : Philadelphia-Camden-Wilmington, PA-NJ-DE-MD Metro Area"
"Lincoln, NE Metro Area",0.0244416415,0.0317060986,0.7708813938,117,30700,"Rank 117 : Lincoln, NE Metro Area"
"Lexington-Fayette, KY Metro Area",0.0271688181,0.035380527,0.7679031483,118,30460,"Rank 118 : Lexington-Fayette, KY Metro Area"
"Lake Havasu City-Kingman, AZ Metro Area",0.023662524,0.0309914178,0.7635186035,119,29420,"Rank 119 : Lake Havasu City-Kingman, AZ Metro Area"
"Oklahoma City, OK Metro Area",0.0414089975,0.054440528,0.7606281399,120,36420,"Rank 120 : Oklahoma City, OK Metro Area"
"Albany-Schenectady-Troy, NY Metro Area",0.0186201198,0.0246208924,0.7562731487,121,10580,"Rank 121 : Albany-Schenectady-Troy, NY Metro Area"
"Reading, PA Metro Area",0.0145269384,0.0193325777,0.751422735,122,39740,"Rank 122 : Reading, PA Metro Area"
"Idaho Falls, ID Metro Area",0.0310169031,0.0415170876,0.7470876428,123,26820,"Rank 123 : Idaho Falls, ID Metro Area"
"Springfield, MO Metro Area",0.0180919589,0.0243975859,0.7415470948,124,44180,"Rank 124 : Springfield, MO Metro Area"
"Amherst Town-Northampton, MA Metro Area",0.0136816491,0.018478446,0.7404112399,125,11200,"Rank 125 : Amherst Town-Northampton, MA Metro Area"
"Milwaukee-Waukesha, WI Metro Area",0.0155978516,0.0210670145,0.7403921238,126,33340,"Rank 126 : Milwaukee-Waukesha, WI Metro Area"
"Sebastian-Vero Beach-West Vero Corridor, FL Metro Area",0.0302761323,0.041357084,0.7320664169,127,42680,"Rank 127 : Sebastian-Vero Beach-West Vero Corridor, FL Metro Area"
"Kiryas Joel-Poughkeepsie-Newburgh, NY Metro Area",0.0137338767,0.0188381655,0.7290453351,128,28880,"Rank 128 : Kiryas Joel-Poughkeepsie-Newburgh, NY Metro Area"
"Stockton-Lodi, CA Metro Area",0.0209082545,0.0287515791,0.7272036944,129,44700,"Rank 129 : Stockton-Lodi, CA Metro Area"
"Ocala, FL Metro Area",0.0230174119,0.031697507,0.7261584308,130,36100,"Rank 130 : Ocala, FL Metro Area"
"Sumter, SC Metro Area",0.0162875138,0.0224476085,0.7255790235,131,44940,"Rank 131 : Sumter, SC Metro Area"
"State College, PA Metro Area",0.0162526834,0.0225667249,0.7202056758,132,44300,"Rank 132 : State College, PA Metro Area"
"Lancaster, PA Metro Area",0.0170715976,0.0237842251,0.7177697613,133,29540,"Rank 133 : Lancaster, PA Metro Area"
"Eau Claire, WI Metro Area",0.0228279783,0.0320949835,0.7112631264,134,20740,"Rank 134 : Eau Claire, WI Metro Area"
"Chicago-Naperville-Elgin, IL-IN Metro Area",0.0157874201,0.0224258918,0.7039818177,135,16980,"Rank 135 : Chicago-Naperville-Elgin, IL-IN Metro Area"
"Lawrence, KS Metro Area",0.0149970206,0.0214603529,0.6988245099,136,29940,"Rank 136 : Lawrence, KS Metro Area"
"New York-Newark-Jersey City, NY-NJ Metro Area",0.0126904132,0.018182661,0.6979403707,137,35620,"Rank 137 : New York-Newark-Jersey City, NY-NJ Metro Area"
"Oshkosh-Neenah, WI Metro Area",0.0132702118,0.0190636338,0.6961008571,138,36780,"Rank 138 : Oshkosh-Neenah, WI Metro Area"
"Modesto, CA Metro Area",0.0175561778,0.025304841,0.6937873203,139,33700,"Rank 139 : Modesto, CA Metro Area"
"Santa Cruz-Watsonville, CA Metro Area",0.022562892,0.0328860374,0.6860933645,140,42100,"Rank 140 : Santa Cruz-Watsonville, CA Metro Area"
"Lebanon, PA Metro Area",0.0160794638,0.0234790586,0.6848427841,141,30140,"Rank 141 : Lebanon, PA Metro Area"
"Corvallis, OR Metro Area",0.0185311404,0.0271689892,0.6820695547,142,18700,"Rank 142 : Corvallis, OR Metro Area"
"Bellingham, WA Metro Area",0.0289352668,0.0425846625,0.6794762506,143,13380,"Rank 143 : Bellingham, WA Metro Area"
"Warner Robins, GA Metro Area",0.0156256933,0.0230551414,0.6777530887,144,47580,"Rank 144 : Warner Robins, GA Metro Area"
"Pocatello, ID Metro Area",0.0121765829,0.0181416302,0.6711956257,145,38540,"Rank 145 : Pocatello, ID Metro Area"
"Dothan, AL Metro Area",0.0159993469,0.0241872498,0.6614785487,146,20020,"Rank 146 : Dothan, AL Metro Area"
"Toledo, OH Metro Area",0.0193807514,0.0293096837,0.6612405504,147,45780,"Rank 147 : Toledo, OH Metro Area"
"Reno, NV Metro Area",0.0440307432,0.0668447927,0.6587011697,148,39900,"Rank 148 : Reno, NV Metro Area"
"Buffalo-Cheektowaga, NY Metro Area",0.0104410512,0.0159414674,0.654961735,149,15380,"Rank 149 : Buffalo-Cheektowaga, NY Metro Area"
"Grand Rapids-Wyoming-Kentwood, MI Metro Area",0.0215119983,0.0329718947,0.6524343984,150,24340,"Rank 150 : Grand Rapids-Wyoming-Kentwood, MI Metro Area"
"Augusta-Richmond County, GA-SC Metro Area",0.0126573066,0.019420559,0.6517477994,151,12260,"Rank 151 : Augusta-Richmond County, GA-SC Metro Area"
"Visalia, CA Metro Area",0.0289604815,0.0444730795,0.6511912799,152,47300,"Rank 152 : Visalia, CA Metro Area"
"Merced, CA Metro Area",0.0198328281,0.0310132312,0.6394957035,153,32900,"Rank 153 : Merced, CA Metro Area"
"Greenville-Anderson-Greer, SC Metro Area",0.0259900336,0.0411583981,0.6314636834,154,24860,"Rank 154 : Greenville-Anderson-Greer, SC Metro Area"
"Prescott Valley-Prescott, AZ Metro Area",0.0208036224,0.0331424756,0.6277027297,155,39150,"Rank 155 : Prescott Valley-Prescott, AZ Metro Area"
"Panama City-Panama City Beach, FL Metro Area",0.0166241,0.0272713336,0.6095814853,156,37460,"Rank 156 : Panama City-Panama City Beach, FL Metro Area"
"Memphis, TN-MS-AR Metro Area",0.0162552504,0.0267230696,0.6082853,157,32820,"Rank 157 : Memphis, TN-MS-AR Metro Area"
"Great Falls, MT Metro Area",0.0154814531,0.0254737411,0.6077416345,158,24500,"Rank 158 : Great Falls, MT Metro Area"
"Joplin, MO-KS Metro Area",0.0152033078,0.0255136443,0.5958893043,159,27900,"Rank 159 : Joplin, MO-KS Metro Area"
"Roanoke, VA Metro Area",0.0180377969,0.030330509,0.5947080197,160,40220,"Rank 160 : Roanoke, VA Metro Area"
"Brunswick-St. Simons, GA Metro Area",0.0108047709,0.0182450552,0.5922026952,161,15260,"Rank 161 : Brunswick-St. Simons, GA Metro Area"
"Bowling Green, KY Metro Area",0.0243805848,0.0415244987,0.587137367,162,14540,"Rank 162 : Bowling Green, KY Metro Area"
"La Crosse-Onalaska, WI-MN Metro Area",0.0138664074,0.0237225038,0.5845254603,163,29100,"Rank 163 : La Crosse-Onalaska, WI-MN Metro Area"
"Las Vegas-Henderson-North Las Vegas, NV Metro Area",0.0255531943,0.0437943299,0.5834817973,164,29820,"Rank 164 : Las Vegas-Henderson-North Las Vegas, NV Metro Area"
"Rochester, MN Metro Area",0.0165069912,0.0287343896,0.5744681324,165,40340,"Rank 165 : Rochester, MN Metro Area"
"Billings, MT Metro Area",0.0249052406,0.0434638522,0.5730104295,166,13740,"Rank 166 : Billings, MT Metro Area"
"Allentown-Bethlehem-Easton, PA-NJ Metro Area",0.0139856697,0.0245547639,0.5695705247,167,10900,"Rank 167 : Allentown-Bethlehem-Easton, PA-NJ Metro Area"
"Cheyenne, WY Metro Area",0.0198375116,0.0349280282,0.5679539515,168,16940,"Rank 168 : Cheyenne, WY Metro Area"
"Elkhart-Goshen, IN Metro Area",0.0625836045,0.1108236604,0.5647133863,169,21140,"Rank 169 : Elkhart-Goshen, IN Metro Area"
"Wheeling, WV-OH Metro Area",0.0331715131,0.0587850534,0.5642848168,170,48540,"Rank 170 : Wheeling, WV-OH Metro Area"
"Providence-Warwick, RI-MA Metro Area",0.0117496359,0.0209008513,0.5621606399,171,39300,"Rank 171 : Providence-Warwick, RI-MA Metro Area"
"Midland, MI Metro Area",0.026873881,0.0479829003,0.5600720421,172,33220,"Rank 172 : Midland, MI Metro Area"
"Altoona, PA Metro Area",0.009029162,0.0161812054,0.5580030517,173,11020,"Rank 173 : Altoona, PA Metro Area"
"Yakima, WA Metro Area",0.0157125582,0.0281828838,0.5575213074,174,49420,"Rank 174 : Yakima, WA Metro Area"
"Auburn-Opelika, AL Metro Area",0.0162340735,0.0291223691,0.5574434355,175,12220,"Rank 175 : Auburn-Opelika, AL Metro Area"
"Tallahassee, FL Metro Area",0.0136852098,0.0248090905,0.5516207796,176,45220,"Rank 176 : Tallahassee, FL Metro Area"
"Pueblo, CO Metro Area",0.017088139,0.0311386188,0.5487763959,177,39380,"Rank 177 : Pueblo, CO Metro Area"
"Cedar Rapids, IA Metro Area",0.0164767438,0.030195549,0.545667968,178,16300,"Rank 178 : Cedar Rapids, IA Metro Area"
"Wausau, WI Metro Area",0.0151367754,0.0277674692,0.545126214,179,48140,"Rank 179 : Wausau, WI Metro Area"
"South Bend-Mishawaka, IN-MI Metro Area",0.0291693626,0.053852307,0.5416548374,180,43780,"Rank 180 : South Bend-Mishawaka, IN-MI Metro Area"
"El Centro, CA Metro Area",0.0310852502,0.0574523389,0.5410615268,181,20940,"Rank 181 : El Centro, CA Metro Area"
"Asheville, NC Metro Area",0.0179941896,0.0336206286,0.5352127654,182,11700,"Rank 182 : Asheville, NC Metro Area"
"Muskegon-Norton Shores, MI Metro Area",0.0129884196,0.0244238912,0.5317915752,183,34740,"Rank 183 : Muskegon-Norton Shores, MI Metro Area"
"Salinas, CA Metro Area",0.0186383499,0.0351619152,0.5300720922,184,41500,"Rank 184 : Salinas, CA Metro Area"
"Florence, SC Metro Area",0.0139952945,0.0265900526,0.5263357211,185,22500,"Rank 185 : Florence, SC Metro Area"
"Dubuque, IA Metro Area",0.0265906009,0.0505863725,0.5256475124,186,20220,"Rank 186 : Dubuque, IA Metro Area"
"Bloomington, IN Metro Area",0.0172686985,0.0331098242,0.5215581464,187,14020,"Rank 187 : Bloomington, IN Metro Area"
"Spartanburg, SC Metro Area",0.0185441175,0.0356684664,0.519902294,188,43900,"Rank 188 : Spartanburg, SC Metro Area"
"Battle Creek, MI Metro Area",0.0137844916,0.0268091216,0.5141716967,189,12980,"Rank 189 : Battle Creek, MI Metro Area"
"Springfield, MA Metro Area",0.0093287018,0.0182536147,0.5110605168,190,44140,"Rank 190 : Springfield, MA Metro Area"
"Amarillo, TX Metro Area",0.0337328332,0.0668730161,0.5044311607,191,11100,"Rank 191 : Amarillo, TX Metro Area"
"Redding, CA Metro Area",0.0168737798,0.0336167171,0.5019460942,192,39820,"Rank 192 : Redding, CA Metro Area"
"Syracuse, NY Metro Area",0.0095850923,0.019255989,0.497772008,193,45060,"Rank 193 : Syracuse, NY Metro Area"
"Salt Lake City-Murray, UT Metro Area",0.0272112945,0.0546908137,0.4975478082,194,41620,"Rank 194 : Salt Lake City-Murray, UT Metro Area"
"Saginaw, MI Metro Area",0.0124316322,0.0251722912,0.4938617657,195,40980,"Rank 195 : Saginaw, MI Metro Area"
"Bangor, ME Metro Area",0.0086725095,0.0178213225,0.486636695,196,12620,"Rank 196 : Bangor, ME Metro Area"
"Scranton--Wilkes-Barre, PA Metro Area",0.0126728711,0.026066323,0.4861779347,197,42540,"Rank 197 : Scranton--Wilkes-Barre, PA Metro Area"
"Corpus Christi, TX Metro Area",0.0150032214,0.0309315428,0.485046009,198,18580,"Rank 198 : Corpus Christi, TX Metro Area"
"Hanford-Corcoran, CA Metro Area",0.0256736592,0.0538008905,0.4771976634,199,25260,"Rank 199 : Hanford-Corcoran, CA Metro Area"
"Sioux City, IA-NE-SD Metro Area",0.0204919146,0.04295258,0.4770822746,200,43580,"Rank 200 : Sioux City, IA-NE-SD Metro Area"
"Sheboygan, WI Metro Area",0.0078977926,0.0167302077,0.4720678171,201,43100,"Rank 201 : Sheboygan, WI Metro Area"
"Sioux Falls, SD-MN Metro Area",0.0289201419,0.061272258,0.4719940615,202,43620,"Rank 202 : Sioux Falls, SD-MN Metro Area"
"Cincinnati, OH-KY-IN Metro Area",0.0126458824,0.026844168,0.4710849081,203,17140,"Rank 203 : Cincinnati, OH-KY-IN Metro Area"
"Charlottesville, VA Metro Area",0.0210746729,0.0448042184,0.4703725146,204,16820,"Rank 204 : Charlottesville, VA Metro Area"
"Cleveland, OH Metro Area",0.0112740264,0.0240330627,0.4691048538,205,17410,"Rank 205 : Cleveland, OH Metro Area"
"Napa, CA Metro Area",0.0201655623,0.0435038271,0.4635353638,206,34900,"Rank 206 : Napa, CA Metro Area"
"Barnstable Town, MA Metro Area",0.013945979,0.0301650848,0.4623218883,207,12700,"Rank 207 : Barnstable Town, MA Metro Area"
"Pittsburgh, PA Metro Area",0.0119560532,0.025879972,0.4619809183,208,38300,"Rank 208 : Pittsburgh, PA Metro Area"
"Williamsport, PA Metro Area",0.0253875913,0.054959965,0.4619288116,209,48700,"Rank 209 : Williamsport, PA Metro Area"
"Iowa City, IA Metro Area",0.0264748204,0.0576836656,0.4589656372,210,26980,"Rank 210 : Iowa City, IA Metro Area"
"Kingston, NY Metro Area",0.009558595,0.0209011079,0.4573248008,211,28740,"Rank 211 : Kingston, NY Metro Area"
"Columbia, SC Metro Area",0.017659834,0.0389016764,0.4539607456,212,17900,"Rank 212 : Columbia, SC Metro Area"
"Flint, MI Metro Area",0.0151453,0.0336534228,0.4500374341,213,22420,"Rank 213 : Flint, MI Metro Area"
"Albuquerque, NM Metro Area",0.0161605264,0.0361460623,0.447089542,214,10740,"Rank 214 : Albuquerque, NM Metro Area"
"Yuma, AZ Metro Area",0.0176188066,0.039494447,0.446108452,215,49740,"Rank 215 : Yuma, AZ Metro Area"
"Vallejo, CA Metro Area",0.0303428253,0.068295951,0.4442843947,216,46700,"Rank 216 : Vallejo, CA Metro Area"
"Mankato, MN Metro Area",0.0136033325,0.0307977084,0.4416995044,217,31860,"Rank 217 : Mankato, MN Metro Area"
"Fond du Lac, WI Metro Area",0.0133782564,0.0305136764,0.4384347593,218,22540,"Rank 218 : Fond du Lac, WI Metro Area"
"Montgomery, AL Metro Area",0.011664089,0.0266943818,0.4369492067,219,33860,"Rank 219 : Montgomery, AL Metro Area"
"Jonesboro, AR Metro Area",0.0150422699,0.0344481045,0.4366646631,220,27860,"Rank 220 : Jonesboro, AR Metro Area"
"San Angelo, TX Metro Area",0.0533438086,0.1238466457,0.4307246941,221,41660,"Rank 221 : San Angelo, TX Metro Area"
"Walla Walla, WA Metro Area",0.0150437536,0.0359858039,0.4180468947,222,47460,"Rank 222 : Walla Walla, WA Metro Area"
"Hinesville, GA Metro Area",0.0193402077,0.0468150251,0.4131196705,223,25980,"Rank 223 : Hinesville, GA Metro Area"
"Lexington Park, MD Metro Area",0.0164435997,0.0400560481,0.4105147782,224,30500,"Rank 224 : Lexington Park, MD Metro Area"
"Athens-Clarke County, GA Metro Area",0.0258937399,0.0642350029,0.4031095004,225,12020,"Rank 225 : Athens-Clarke County, GA Metro Area"
"College Station-Bryan, TX Metro Area",0.0274010313,0.0683492664,0.4008972259,226,17780,"Rank 226 : College Station-Bryan, TX Metro Area"
"Florence-Muscle Shoals, AL Metro Area",0.0125110031,0.0312551544,0.4002860771,227,22520,"Rank 227 : Florence-Muscle Shoals, AL Metro Area"
"Greenville, NC Metro Area",0.0145595452,0.0364017155,0.3999686565,228,24780,"Rank 228 : Greenville, NC Metro Area"
"St. Louis, MO-IL Metro Area",0.0091891776,0.0230132361,0.3992996705,229,41180,"Rank 229 : St. Louis, MO-IL Metro Area"
"York-Hanover, PA Metro Area",0.0089684378,0.022509958,0.3984209048,230,49620,"Rank 230 : York-Hanover, PA Metro Area"
"Ames, IA Metro Area",0.0092135308,0.0231632846,0.3977644336,231,11180,"Rank 231 : Ames, IA Metro Area"
"Omaha, NE-IA Metro Area",0.0141209946,0.0358827498,0.3935315643,232,36540,"Rank 232 : Omaha, NE-IA Metro Area"
"Canton-Massillon, OH Metro Area",0.0556292325,0.1423509291,0.3907893884,233,15940,"Rank 233 : Canton-Massillon, OH Metro Area"
"Columbus, GA-AL Metro Area",0.0087549751,0.0225893564,0.3875708065,234,17980,"Rank 234 : Columbus, GA-AL Metro Area"
"Wichita, KS Metro Area",0.0125804908,0.0327984057,0.3835701913,235,48620,"Rank 235 : Wichita, KS Metro Area"
"Urban Honolulu, HI Metro Area",0.011339811,0.0301219349,0.3764635665,236,46520,"Rank 236 : Urban Honolulu, HI Metro Area"
"Mansfield, OH Metro Area",0.0096492217,0.0258444886,0.3733570376,237,31900,"Rank 237 : Mansfield, OH Metro Area"
"Jackson, MS Metro Area",0.009910992,0.0267668905,0.3702705779,238,27140,"Rank 238 : Jackson, MS Metro Area"
"Abilene, TX Metro Area",0.0156623118,0.0426326077,0.3673786947,239,10180,"Rank 239 : Abilene, TX Metro Area"
"Alexandria, LA Metro Area",0.0091438302,0.0249163164,0.3669816218,240,10780,"Rank 240 : Alexandria, LA Metro Area"
"Burlington-South Burlington, VT Metro Area",0.0103870248,0.0283282854,0.3666662001,241,15540,"Rank 241 : Burlington-South Burlington, VT Metro Area"
"Niles, MI Metro Area",0.0122304353,0.0335058839,0.3650235101,242,35660,"Rank 242 : Niles, MI Metro Area"
"Hickory-Lenoir-Morganton, NC Metro Area",0.0086729853,0.024435242,0.3549375664,243,25860,"Rank 243 : Hickory-Lenoir-Morganton, NC Metro Area"
"Hattiesburg, MS Metro Area",0.0091971061,0.0260998021,0.3523822144,244,25620,"Rank 244 : Hattiesburg, MS Metro Area"
"Columbus, IN Metro Area",0.0255429663,0.0727718607,0.3510005938,245,18020,"Rank 245 : Columbus, IN Metro Area"
"Jefferson City, MO Metro Area",0.0148351677,0.0428101265,0.3465340783,246,27620,"Rank 246 : Jefferson City, MO Metro Area"
"Hagerstown-Martinsburg, MD-WV Metro Area",0.0105713755,0.0311118979,0.33978562,247,25180,"Rank 247 : Hagerstown-Martinsburg, MD-WV Metro Area"
"Flagstaff, AZ Metro Area",0.0170803031,0.0503998804,0.3388957059,248,22380,"Rank 248 : Flagstaff, AZ Metro Area"
"Wichita Falls, TX Metro Area",0.0138665657,0.0409367774,0.3387312475,249,48660,"Rank 249 : Wichita Falls, TX Metro Area"
"Blacksburg-Christiansburg-Radford, VA Metro Area",0.0180207317,0.0532391479,0.338486479,250,13980,"Rank 250 : Blacksburg-Christiansburg-Radford, VA Metro Area"
"Evansville, IN Metro Area",0.0268351849,0.0837367284,0.320470902,251,21780,"Rank 251 : Evansville, IN Metro Area"
"Green Bay, WI Metro Area",0.0118648551,0.0374924281,0.316460035,252,24580,"Rank 252 : Green Bay, WI Metro Area"
"Grand Island, NE Metro Area",0.0213918531,0.067788913,0.315565661,253,24260,"Rank 253 : Grand Island, NE Metro Area"
"Lafayette-West Lafayette, IN Metro Area",0.021872066,0.0696192434,0.3141669595,254,29200,"Rank 254 : Lafayette-West Lafayette, IN Metro Area"
"Las Cruces, NM Metro Area",0.0112144116,0.0358120911,0.3131459595,255,29740,"Rank 255 : Las Cruces, NM Metro Area"
"Chico, CA Metro Area",0.0100475933,0.0322081359,0.311958238,256,17020,"Rank 256 : Chico, CA Metro Area"
"Enid, OK Metro Area",0.0223494755,0.071712072,0.3116556924,257,21420,"Rank 257 : Enid, OK Metro Area"
"Tulsa, OK Metro Area",0.0138168816,0.0450991925,0.3063664971,258,46140,"Rank 258 : Tulsa, OK Metro Area"
"Odessa, TX Metro Area",0.0337470885,0.1141246617,0.2957037325,259,36220,"Rank 259 : Odessa, TX Metro Area"
"Chambersburg, PA Metro Area",0.0092046512,0.0314570267,0.2926103369,260,16540,"Rank 260 : Chambersburg, PA Metro Area"
"Dalton, GA Metro Area",0.0135245651,0.0468051659,0.288954539,261,19140,"Rank 261 : Dalton, GA Metro Area"
"Pittsfield, MA Metro Area",0.0062887423,0.0219517279,0.2864805139,262,38340,"Rank 262 : Pittsfield, MA Metro Area"
"Morgantown, WV Metro Area",0.013588472,0.0482325331,0.2817283496,263,34060,"Rank 263 : Morgantown, WV Metro Area"
"Champaign-Urbana, IL Metro Area",0.0127058282,0.0453891228,0.2799311239,264,16580,"Rank 264 : Champaign-Urbana, IL Metro Area"
"Atlantic City-Hammonton, NJ Metro Area",0.0080459056,0.0308041495,0.261195513,265,12100,"Rank 265 : Atlantic City-Hammonton, NJ Metro Area"
"Terre Haute, IN Metro Area",0.0137679392,0.0528910513,0.2603075353,266,45460,"Rank 266 : Terre Haute, IN Metro Area"
"Springfield, OH Metro Area",0.0054826259,0.021533862,0.2546048587,267,44220,"Rank 267 : Springfield, OH Metro Area"
"Hammond, LA Metro Area",0.0155562902,0.0613614279,0.2535190388,268,25220,"Rank 268 : Hammond, LA Metro Area"
"Kokomo, IN Metro Area",0.0420566966,0.1669545362,0.2519050845,269,29020,"Rank 269 : Kokomo, IN Metro Area"
"Rockford, IL Metro Area",0.0114948861,0.0460145124,0.2498100174,270,40420,"Rank 270 : Rockford, IL Metro Area"
"Kingsport-Bristol, TN-VA Metro Area",0.0060132767,0.0243599118,0.2468513315,271,28700,"Rank 271 : Kingsport-Bristol, TN-VA Metro Area"
"Rochester, NY Metro Area",0.0059688772,0.0244762249,0.2438642913,272,40380,"Rank 272 : Rochester, NY Metro Area"
"Cleveland, TN Metro Area",0.0102624951,0.0438918863,0.233813034,273,17420,"Rank 273 : Cleveland, TN Metro Area"
"Rome, GA Metro Area",0.0073012153,0.0317939302,0.2296417979,274,40660,"Rank 274 : Rome, GA Metro Area"
"Michigan City-La Porte, IN Metro Area",0.0071050168,0.0309667885,0.2294399,275,33140,"Rank 275 : Michigan City-La Porte, IN Metro Area"
"Utica-Rome, NY Metro Area",0.0033511321,0.0146109341,0.2293578293,276,46540,"Rank 276 : Utica-Rome, NY Metro Area"
"Winston-Salem, NC Metro Area",0.0086107398,0.0380027272,0.2265821552,277,49180,"Rank 277 : Winston-Salem, NC Metro Area"
"Davenport-Moline-Rock Island, IA-IL Metro Area",0.0074777704,0.0331529281,0.2255538452,278,19340,"Rank 278 : Davenport-Moline-Rock Island, IA-IL Metro Area"
"Monroe, MI Metro Area",0.0074838392,0.0338667193,0.2209791593,279,33780,"Rank 279 : Monroe, MI Metro Area"
"Jacksonville, NC Metro Area",0.0062156638,0.0282876099,0.2197309648,280,27340,"Rank 280 : Jacksonville, NC Metro Area"
"Yuba City, CA Metro Area",0.007137604,0.0327271067,0.2180945623,281,49700,"Rank 281 : Yuba City, CA Metro Area"
"Grand Forks, ND-MN Metro Area",0.0077651294,0.0367061746,0.211548315,282,24220,"Rank 282 : Grand Forks, ND-MN Metro Area"
"Duluth, MN-WI Metro Area",0.0065016444,0.0308688952,0.2106212204,283,20260,"Rank 283 : Duluth, MN-WI Metro Area"
"Lima, OH Metro Area",0.0118827313,0.0592502304,0.2005516478,284,30620,"Rank 284 : Lima, OH Metro Area"
"Bakersfield-Delano, CA Metro Area",0.0069682981,0.0359795467,0.1936738727,285,12540,"Rank 285 : Bakersfield-Delano, CA Metro Area"
"Shreveport-Bossier City, LA Metro Area",0.0136801342,0.0715228985,0.1912692921,286,43340,"Rank 286 : Shreveport-Bossier City, LA Metro Area"
"Homosassa Springs, FL Metro Area",0.0089864479,0.047190199,0.1904303888,287,26140,"Rank 287 : Homosassa Springs, FL Metro Area"
"Fort Smith, AR-OK Metro Area",0.0039179562,0.0206242249,0.1899686515,288,22900,"Rank 288 : Fort Smith, AR-OK Metro Area"
"Durham-Chapel Hill, NC Metro Area",0.0069456402,0.0366156964,0.1896902388,289,20500,"Rank 289 : Durham-Chapel Hill, NC Metro Area"
"Waterloo-Cedar Falls, IA Metro Area",0.0100100614,0.0533028078,0.1877961366,290,47940,"Rank 290 : Waterloo-Cedar Falls, IA Metro Area"
"Lawton, OK Metro Area",0.0089876618,0.0480485033,0.1870539383,291,30020,"Rank 291 : Lawton, OK Metro Area"
"Dover, DE Metro Area",0.0064535731,0.0365417273,0.1766083218,292,20100,"Rank 292 : Dover, DE Metro Area"
"Elizabethtown, KY Metro Area",0.0078593417,0.0450618901,0.1744121634,293,21060,"Rank 293 : Elizabethtown, KY Metro Area"
"Sebring, FL Metro Area",0.0078010244,0.0447356258,0.1743805806,294,42700,"Rank 294 : Sebring, FL Metro Area"
"Salisbury, MD Metro Area",0.0108625204,0.0638748378,0.1700594604,295,41540,"Rank 295 : Salisbury, MD Metro Area"
"Columbia, MO Metro Area",0.0045049848,0.026991055,0.1669065855,296,17860,"Rank 296 : Columbia, MO Metro Area"
"Baton Rouge, LA Metro Area",0.005865774,0.0353620866,0.1658774854,297,12940,"Rank 297 : Baton Rouge, LA Metro Area"
"Johnson City, TN Metro Area",0.006485347,0.0394296908,0.1644787691,298,27740,"Rank 298 : Johnson City, TN Metro Area"
"Lynchburg, VA Metro Area",0.0051959992,0.0343096736,0.1514441459,299,31340,"Rank 299 : Lynchburg, VA Metro Area"
"Gettysburg, PA Metro Area",0.0037605088,0.0255559105,0.1471483013,300,23900,"Rank 300 : Gettysburg, PA Metro Area"
"Goldsboro, NC Metro Area",0.0034552431,0.0238820761,0.1446793436,301,24140,"Rank 301 : Goldsboro, NC Metro Area"
"Gulfport-Biloxi, MS Metro Area",0.0045829854,0.0346612244,0.1322222597,302,25060,"Rank 302 : Gulfport-Biloxi, MS Metro Area"
"Bloomington, IL Metro Area",0.0083706951,0.0635605055,0.1316964835,303,14010,"Rank 303 : Bloomington, IL Metro Area"
"Santa Fe, NM Metro Area",0.0043019908,0.0337375623,0.1275133847,304,42140,"Rank 304 : Santa Fe, NM Metro Area"
"Sierra Vista-Douglas, AZ Metro Area",0.0038006794,0.0312855418,0.1214835732,305,43420,"Rank 305 : Sierra Vista-Douglas, AZ Metro Area"
"Anniston-Oxford, AL Metro Area",0.0039952159,0.0347848999,0.1148548929,306,11500,"Rank 306 : Anniston-Oxford, AL Metro Area"
"Clarksville, TN-KY Metro Area",0.0037778774,0.0350951073,0.1076468405,307,17300,"Rank 307 : Clarksville, TN-KY Metro Area"
"Ithaca, NY Metro Area",0.0029417258,0.0282825894,0.1040118983,308,27060,"Rank 308 : Ithaca, NY Metro Area"
"Lubbock, TX Metro Area",0.0099724147,0.097391496,0.1023951275,309,31180,"Rank 309 : Lubbock, TX Metro Area"
"Topeka, KS Metro Area",0.0042832709,0.0439736418,0.097405417,310,45820,"Rank 310 : Topeka, KS Metro Area"
"Beaumont-Port Arthur, TX Metro Area",0.004679952,0.050607405,0.0924756364,311,13140,"Rank 311 : Beaumont-Port Arthur, TX Metro Area"
"Weirton-Steubenville, WV-OH Metro Area",0.00505252,0.066801592,0.0756347251,312,48260,"Rank 312 : Weirton-Steubenville, WV-OH Metro Area"
"Minot, ND Metro Area",0.0103045847,0.1394229325,0.0739088219,313,33500,"Rank 313 : Minot, ND Metro Area"
"Racine-Mount Pleasant, WI Metro Area",0.0018515213,0.0250614573,0.0738792346,314,39540,"Rank 314 : Racine-Mount Pleasant, WI Metro Area"
"Vineland, NJ Metro Area",0.0015996076,0.0231788315,0.0690115734,315,47220,"Rank 315 : Vineland, NJ Metro Area"
"Muncie, IN Metro Area",0.0040132219,0.0608502847,0.0659523931,316,34620,"Rank 316 : Muncie, IN Metro Area"
"Albany, GA Metro Area",0.0018016599,0.0317016444,0.0568317502,317,10500,"Rank 317 : Albany, GA Metro Area"
"Peoria, IL Metro Area",0.003022355,0.065921865,0.0458475353,318,37900,"Rank 318 : Peoria, IL Metro Area"
"Youngstown-Warren, OH Metro Area",0.0008228016,0.0247353941,0.0332641392,319,49660,"Rank 319 : Youngstown-Warren, OH Metro Area"
"Virginia Beach-Chesapeake-Norfolk, VA-NC Metro Area",0.0006459982,0.0209278736,0.0308678369,320,47260,"Rank 320 : Virginia Beach-Chesapeake-Norfolk, VA-NC Metro Area"
"Monroe, LA Metro Area",0.0019863537,0.1027528577,0.0193313721,321,33740,"Rank 321 : Monroe, LA Metro Area"
"Sandusky, OH Metro Area",0.0009215021,0.0490553055,0.0187849626,322,41780,"Rank 322 : Sandusky, OH Metro Area"
"Gadsden, AL Metro Area",0.0004721691,0.0288110586,0.016388469,323,23460,"Rank 323 : Gadsden, AL Metro Area"
"Decatur, IL Metro Area",0.0008049669,0.0547491666,0.0147028156,324,19500,"Rank 324 : Decatur, IL Metro Area"
"Mount Vernon-Anacortes, WA Metro Area",0.0009808862,0.0674930665,0.0145331407,325,34580,"Rank 325 : Mount Vernon-Anacortes, WA Metro Area"
"Macon-Bibb County, GA Metro Area",0.0006802514,0.0483142797,0.0140797172,326,31420,"Rank 326 : Macon-Bibb County, GA Metro Area"
"Valdosta, GA Metro Area",0.0004524017,0.0418971088,0.0107979209,327,46660,"Rank 327 : Valdosta, GA Metro Area"
"Johnstown, PA Metro Area",0.0001415943,0.0181056468,0.0078204509,328,27780,"Rank 328 : Johnstown, PA Metro Area"
"Oxnard-Thousand Oaks-Ventura, CA Metro Area",-0.000244095,0.0207626822,-0.01175645,329,37100,"Rank 329 : Oxnard-Thousand Oaks-Ventura, CA Metro Area"
"Jackson, TN Metro Area",-0.001562666,0.1103630768,-0.014159316,330,27180,"Rank 330 : Jackson, TN Metro Area"
"Binghamton, NY Metro Area",-0.000737478,0.0306420431,-0.024067525,331,13780,"Rank 331 : Binghamton, NY Metro Area"
"Bay City, MI Metro Area",-0.001803981,0.0360590597,-0.050028501,332,13020,"Rank 332 : Bay City, MI Metro Area"
"Manhattan, KS Metro Area",-0.002042177,0.0348285446,-0.05863516,333,31740,"Rank 333 : Manhattan, KS Metro Area"
"Parkersburg-Vienna, WV Metro Area",-0.004316967,0.0720034428,-0.059955012,334,37620,"Rank 334 : Parkersburg-Vienna, WV Metro Area"
"St. Joseph, MO-KS Metro Area",-0.002720836,0.0430368184,-0.063221114,335,41140,"Rank 335 : St. Joseph, MO-KS Metro Area"
"Owensboro, KY Metro Area",-0.003587743,0.0516422613,-0.069472995,336,36980,"Rank 336 : Owensboro, KY Metro Area"
"Springfield, IL Metro Area",-0.003343512,0.0473936183,-0.07054773,337,44100,"Rank 337 : Springfield, IL Metro Area"
"Fayetteville, NC Metro Area",-0.003861663,0.0535774051,-0.072076343,338,22180,"Rank 338 : Fayetteville, NC Metro Area"
"Winchester, VA-WV Metro Area",-0.003444369,0.0457146912,-0.075344905,339,49020,"Rank 339 : Winchester, VA-WV Metro Area"
"Elmira, NY Metro Area",-0.002369293,0.0246064075,-0.09628766,340,21300,"Rank 340 : Elmira, NY Metro Area"
"Greensboro-High Point, NC Metro Area",-0.002605521,0.022509709,-0.115750998,341,24660,"Rank 341 : Greensboro-High Point, NC Metro Area"
"Erie, PA Metro Area",-0.003635466,0.0298692083,-0.12171283,342,21500,"Rank 342 : Erie, PA Metro Area"
"Lafayette, LA Metro Area",-0.005290458,0.0385564102,-0.137213459,343,29180,"Rank 343 : Lafayette, LA Metro Area"
"Lake Charles, LA Metro Area",-0.012783072,0.0830425731,-0.153933964,344,29340,"Rank 344 : Lake Charles, LA Metro Area"
"Huntington-Ashland, WV-KY-OH Metro Area",-0.006136793,0.0385933865,-0.159011527,345,26580,"Rank 345 : Huntington-Ashland, WV-KY-OH Metro Area"
"Paducah, KY-IL Metro Area",-0.008350177,0.0490309582,-0.170304178,346,37140,"Rank 346 : Paducah, KY-IL Metro Area"
"Tuscaloosa, AL Metro Area",-0.006162423,0.0324698295,-0.189789192,347,46220,"Rank 347 : Tuscaloosa, AL Metro Area"
"New Orleans-Metairie, LA Metro Area",-0.027397454,0.1362988519,-0.201010161,348,35380,"Rank 348 : New Orleans-Metairie, LA Metro Area"
"Houma-Bayou Cane-Thibodaux, LA Metro Area",-0.01201401,0.05765318,-0.208384165,349,26380,"Rank 349 : Houma-Bayou Cane-Thibodaux, LA Metro Area"
"Watertown-Fort Drum, NY Metro Area",-0.005798228,0.0242900934,-0.238707541,350,48060,"Rank 350 : Watertown-Fort Drum, NY Metro Area"
"Decatur, AL Metro Area",-0.012619843,0.0470995871,-0.267939572,351,19460,"Rank 351 : Decatur, AL Metro Area"
"Longview, TX Metro Area",-0.011232294,0.0376712303,-0.298166378,352,30980,"Rank 352 : Longview, TX Metro Area"
"Rocky Mount, NC Metro Area",-0.031735078,0.0929482524,-0.341427381,353,40580,"Rank 353 : Rocky Mount, NC Metro Area"
"Victoria, TX Metro Area",-0.025832286,0.0731196748,-0.353287758,354,47020,"Rank 354 : Victoria, TX Metro Area"
"Texarkana, TX-AR Metro Area",-0.008236105,0.0184970653,-0.445265498,355,45500,"Rank 355 : Texarkana, TX-AR Metro Area"
"Fairbanks-College, AK Metro Area",-0.013572509,0.0300834544,-0.451161911,356,21820,"Rank 356 : Fairbanks-College, AK Metro Area"
"Cape Girardeau, MO-IL Metro Area",-0.014737324,0.0275849203,-0.534252905,357,16020,"Rank 357 : Cape Girardeau, MO-IL Metro Area"
"Charleston, WV Metro Area",-0.044993975,0.0837752424,-0.53707962,358,16620,"Rank 358 : Charleston, WV Metro Area"
